../output/imgs/beninese-women/5.jpeg,UNLIKELY,t
../output/imgs/djiboutian-women/74.jpeg,VERY_UNLIKELY,t
../output/imgs/pakistani-women/43.jpeg,VERY_UNLIKELY,t
../output/imgs/marshallese-women/8.jpeg,VERY_UNLIKELY,t
../output/imgs/austrian-women/70.jpeg,UNLIKELY,t
../output/imgs/cabo-verdean-women/66.jpeg,VERY_UNLIKELY,t
../output/imgs/luxembourgish-women/22.jpeg,VERY_UNLIKELY,t
../output/imgs/south-african-women/50.jpeg,POSSIBLE,t
../output/imgs/cameroonian-women/87.jpeg,POSSIBLE,t
../output/imgs/kyrgyzstani-women/17.jpeg,VERY_UNLIKELY,t
../output/imgs/namibian-women/80.jpeg,UNLIKELY,t
../output/imgs/micronesian-women/61.jpeg,VERY_UNLIKELY,t
../output/imgs/kiribati-women/4.jpeg,VERY_UNLIKELY,t
../output/imgs/british-women/69.jpeg,UNLIKELY,t
../output/imgs/bissau-guinean-women/6.jpeg,UNLIKELY,t
../output/imgs/tongan-women/71.jpeg,VERY_UNLIKELY,t
../output/imgs/tongan-women/96.jpeg,POSSIBLE,t
../output/imgs/bahraini-women/89.jpeg,UNLIKELY,t
../output/imgs/equatorial-guinean-women/96.jpeg,VERY_UNLIKELY,t
../output/imgs/estonian-women/53.jpeg,UNLIKELY,t
../output/imgs/estonian-women/33.jpeg,UNLIKELY,t
../output/imgs/thai-women/18.jpeg,POSSIBLE,t
../output/imgs/malaysian-women/48.jpeg,VERY_UNLIKELY,t
../output/imgs/sudanese-women/35.jpeg,VERY_UNLIKELY,t
../output/imgs/cameroonian-women/32.jpeg,POSSIBLE,t
../output/imgs/swedish-women/75.jpeg,VERY_UNLIKELY,t
../output/imgs/ethiopian-women/37.jpeg,VERY_UNLIKELY,t
../output/imgs/liberian-women/51.jpeg,POSSIBLE,t
../output/imgs/mozambican-women/40.jpeg,VERY_UNLIKELY,t
../output/imgs/swedish-women/26.jpeg,VERY_UNLIKELY,t
../output/imgs/taiwanese-women/92.jpeg,UNLIKELY,t
../output/imgs/dominican-women/94.jpeg,POSSIBLE,f
../output/imgs/botswanan-women/59.jpeg,VERY_UNLIKELY,t
../output/imgs/malagasy-women/100.jpeg,VERY_UNLIKELY,t
../output/imgs/são-toméan-women/56.jpeg,VERY_UNLIKELY,t
../output/imgs/papua-new-guinean-women/65.jpeg,VERY_UNLIKELY,t
../output/imgs/swazi-women/85.jpeg,VERY_UNLIKELY,t
../output/imgs/emirati-women/48.jpeg,VERY_UNLIKELY,t
../output/imgs/nigerian-women/28.jpeg,VERY_UNLIKELY,t
../output/imgs/omani-women/41.jpeg,VERY_UNLIKELY,t
../output/imgs/icelandic-women/16.jpeg,UNLIKELY,t
../output/imgs/georgian-women/23.jpeg,VERY_UNLIKELY,t
../output/imgs/micronesian-women/99.jpeg,VERY_UNLIKELY,t
../output/imgs/bahamian-women/47.jpeg,UNLIKELY,t
../output/imgs/gabonese-women/100.jpeg,UNLIKELY,t
../output/imgs/danish-women/31.jpeg,VERY_UNLIKELY,t
../output/imgs/french-women/81.jpeg,VERY_UNLIKELY,t
../output/imgs/montenegrin-women/63.jpeg,POSSIBLE,t
../output/imgs/malawian-women/31.jpeg,VERY_UNLIKELY,t
../output/imgs/luxembourgish-women/51.jpeg,VERY_UNLIKELY,t
../output/imgs/iraqi-women/54.jpeg,VERY_UNLIKELY,t
../output/imgs/guatemalan-women/59.jpeg,VERY_UNLIKELY,t
../output/imgs/colombian-women/35.jpeg,POSSIBLE,t
../output/imgs/danish-women/85.jpeg,POSSIBLE,t
../output/imgs/montserratian-women/1.jpeg,UNLIKELY,t
../output/imgs/malagasy-women/26.jpeg,UNLIKELY,t
../output/imgs/mongolian-women/14.jpeg,VERY_UNLIKELY,t
../output/imgs/yemeni-women/98.jpeg,VERY_UNLIKELY,t
../output/imgs/danish-women/69.jpeg,VERY_UNLIKELY,t
../output/imgs/israeli-women/7.png,UNLIKELY,t
../output/imgs/italian-women/28.jpeg,VERY_UNLIKELY,t
../output/imgs/botswanan-women/100.jpeg,POSSIBLE,t
../output/imgs/slovak-women/48.jpeg,VERY_UNLIKELY,t
../output/imgs/british-women/38.jpeg,POSSIBLE,t
../output/imgs/slovak-women/97.jpeg,VERY_UNLIKELY,t
../output/imgs/barbadian-women/36.jpeg,UNLIKELY,t
../output/imgs/ghanaian-women/4.jpeg,VERY_UNLIKELY,t
../output/imgs/micronesian-women/33.jpeg,VERY_UNLIKELY,t
../output/imgs/kiribati-women/37.jpeg,POSSIBLE,t
../output/imgs/saudi-women/19.jpeg,UNLIKELY,t
../output/imgs/cambodian-women/38.jpeg,UNLIKELY,t
../output/imgs/fijian-women/66.jpeg,VERY_UNLIKELY,t
../output/imgs/basotho-women/100.jpeg,VERY_UNLIKELY,t
../output/imgs/grenadian-women/53.jpeg,UNLIKELY,t
../output/imgs/gambian-women/19.jpeg,UNLIKELY,t
../output/imgs/macanese-women/82.jpeg,VERY_UNLIKELY,t
../output/imgs/greek-women/34.jpeg,POSSIBLE,t
../output/imgs/brazilian-women/62.jpeg,UNLIKELY,t
../output/imgs/sammarinese-women/69.jpeg,VERY_UNLIKELY,t
../output/imgs/micronesian-women/40.jpeg,UNLIKELY,t
../output/imgs/pakistani-women/85.jpeg,VERY_UNLIKELY,t
../output/imgs/kuwaiti-women/25.jpeg,VERY_UNLIKELY,t
../output/imgs/honduran-women/31.jpeg,UNLIKELY,t
../output/imgs/bhutanese-women/80.jpeg,UNLIKELY,t
../output/imgs/moldovan-women/31.jpeg,UNLIKELY,t
../output/imgs/central-african-women/54.jpeg,VERY_UNLIKELY,t
../output/imgs/bolivian-women/76.jpeg,VERY_UNLIKELY,t
../output/imgs/bhutanese-women/29.jpeg,VERY_UNLIKELY,t
../output/imgs/malawian-women/57.jpeg,VERY_UNLIKELY,t
../output/imgs/bhutanese-women/90.jpeg,VERY_UNLIKELY,t
../output/imgs/ghanaian-women/14.png,POSSIBLE,f
../output/imgs/ugandan-women/72.jpeg,POSSIBLE,t
../output/imgs/salvadoran-women/64.jpeg,UNLIKELY,t
../output/imgs/namibian-women/92.jpeg,VERY_UNLIKELY,t
../output/imgs/iraqi-women/33.jpeg,VERY_UNLIKELY,t
../output/imgs/north-korean-women/38.jpeg,VERY_UNLIKELY,t
../output/imgs/mongolian-women/9.jpeg,VERY_UNLIKELY,t
../output/imgs/malawian-women/24.jpeg,VERY_UNLIKELY,t
../output/imgs/portuguese-women/55.jpeg,POSSIBLE,t
../output/imgs/marshallese-women/87.jpeg,POSSIBLE,t
../output/imgs/tongan-women/90.jpeg,VERY_UNLIKELY,t
../output/imgs/tajikistani-women/6.jpeg,UNLIKELY,t
../output/imgs/iraqi-women/79.jpeg,VERY_UNLIKELY,t
../output/imgs/ni-vanuatu-women/86.jpeg,VERY_UNLIKELY,t
../output/imgs/nigerien-women/30.jpeg,VERY_UNLIKELY,t
../output/imgs/beninese-women/85.jpeg,VERY_UNLIKELY,t
../output/imgs/marshallese-women/41.jpeg,VERY_UNLIKELY,t
../output/imgs/italian-women/4.jpeg,VERY_UNLIKELY,t
../output/imgs/tanzanian-women/7.jpeg,VERY_UNLIKELY,t
../output/imgs/macedonian-women/1.jpeg,UNLIKELY,t
../output/imgs/swedish-women/82.jpeg,VERY_UNLIKELY,t
../output/imgs/finnish-women/62.png,POSSIBLE,f
../output/imgs/malagasy-women/38.jpeg,UNLIKELY,t
../output/imgs/bissau-guinean-women/88.jpeg,VERY_UNLIKELY,t
../output/imgs/irish-women/52.jpeg,UNLIKELY,t
../output/imgs/romanian-women/87.jpeg,UNLIKELY,t
../output/imgs/congolese-women/49.jpeg,VERY_UNLIKELY,t
../output/imgs/latvian-women/29.jpeg,VERY_UNLIKELY,t
../output/imgs/tunisian-women/71.jpeg,VERY_UNLIKELY,t
../output/imgs/guatemalan-women/95.jpeg,VERY_UNLIKELY,t
../output/imgs/iranian-women/6.jpeg,VERY_UNLIKELY,t
../output/imgs/irish-women/15.jpeg,POSSIBLE,t
../output/imgs/luxembourgish-women/21.jpeg,VERY_UNLIKELY,t
../output/imgs/tongan-women/8.jpeg,UNLIKELY,t
../output/imgs/solomon-island-women/82.jpeg,UNLIKELY,t
../output/imgs/egyptian-women/7.png,VERY_UNLIKELY,t
../output/imgs/tongan-women/56.jpeg,UNLIKELY,t
../output/imgs/cypriot-women/92.jpeg,VERY_UNLIKELY,t
../output/imgs/gabonese-women/25.jpeg,POSSIBLE,t
../output/imgs/mozambican-women/59.jpeg,POSSIBLE,t
../output/imgs/saint-pierrais-women/51.jpeg,UNLIKELY,t
../output/imgs/somali-women/97.jpeg,UNLIKELY,t
../output/imgs/spanish-women/91.jpeg,VERY_UNLIKELY,t
../output/imgs/surinamese-women/65.jpeg,VERY_UNLIKELY,t
../output/imgs/albanian-women/12.png,POSSIBLE,t
../output/imgs/slovak-women/30.jpeg,VERY_UNLIKELY,t
../output/imgs/kuwaiti-women/44.jpeg,VERY_UNLIKELY,t
../output/imgs/malian-women/61.jpeg,VERY_UNLIKELY,t
../output/imgs/south-african-women/37.jpeg,POSSIBLE,t
../output/imgs/indonesian-women/49.jpeg,VERY_UNLIKELY,t
../output/imgs/saudi-women/2.jpeg,VERY_UNLIKELY,t
../output/imgs/austrian-women/86.jpeg,VERY_UNLIKELY,t
../output/imgs/cambodian-women/78.jpeg,VERY_UNLIKELY,t
../output/imgs/eritrean-women/39.jpeg,VERY_UNLIKELY,t
../output/imgs/togolese-women/20.jpeg,POSSIBLE,t
../output/imgs/bissau-guinean-women/92.jpeg,UNLIKELY,t
../output/imgs/new-zealand-women/88.jpeg,VERY_UNLIKELY,t
../output/imgs/marshallese-women/25.jpeg,VERY_UNLIKELY,t
../output/imgs/mozambican-women/5.jpeg,VERY_UNLIKELY,t
../output/imgs/guatemalan-women/92.jpeg,VERY_UNLIKELY,t
../output/imgs/qatari-women/61.jpeg,VERY_UNLIKELY,t
../output/imgs/bosnian-women/100.jpeg,UNLIKELY,t
../output/imgs/laos-women/38.jpeg,UNLIKELY,t
../output/imgs/equatorial-guinean-women/50.jpeg,UNLIKELY,t
../output/imgs/samoan-women/73.jpeg,VERY_UNLIKELY,t
../output/imgs/romanian-women/16.jpeg,VERY_UNLIKELY,t
../output/imgs/basotho-women/95.jpeg,VERY_UNLIKELY,t
../output/imgs/bahraini-women/50.jpeg,VERY_UNLIKELY,t
../output/imgs/slovak-women/55.jpeg,UNLIKELY,t
../output/imgs/são-toméan-women/63.jpeg,VERY_UNLIKELY,t
../output/imgs/german-women/34.jpeg,VERY_UNLIKELY,t
../output/imgs/timorese-women/2.jpeg,UNLIKELY,t
../output/imgs/chadian-women/72.jpeg,VERY_UNLIKELY,t
../output/imgs/papua-new-guinean-women/86.jpeg,UNLIKELY,t
../output/imgs/bahraini-women/11.jpeg,VERY_UNLIKELY,t
../output/imgs/ivorian-women/96.jpeg,UNLIKELY,t
../output/imgs/honduran-women/17.jpeg,VERY_UNLIKELY,t
../output/imgs/tunisian-women/23.jpeg,VERY_UNLIKELY,t
../output/imgs/icelandic-women/75.png,POSSIBLE,f
../output/imgs/djiboutian-women/43.jpeg,VERY_UNLIKELY,t
../output/imgs/irish-women/51.jpeg,UNLIKELY,t
../output/imgs/ugandan-women/92.jpeg,POSSIBLE,t
../output/imgs/sri-lankan-women/45.jpeg,VERY_UNLIKELY,t
../output/imgs/south-african-women/49.png,POSSIBLE,t
../output/imgs/indian-women/1.jpeg,VERY_UNLIKELY,t
../output/imgs/samoan-women/87.png,UNLIKELY,t
../output/imgs/colombian-women/51.jpeg,UNLIKELY,t
../output/imgs/ecuadorian-women/2.jpeg,UNLIKELY,t
../output/imgs/montserratian-women/57.jpeg,VERY_UNLIKELY,t
../output/imgs/monacan-women/16.jpeg,VERY_UNLIKELY,t
../output/imgs/canadian-women/44.jpeg,VERY_UNLIKELY,t
../output/imgs/equatorial-guinean-women/45.jpeg,VERY_UNLIKELY,t
../output/imgs/belgian-women/71.jpeg,UNLIKELY,t
../output/imgs/tongan-women/10.jpeg,VERY_UNLIKELY,t
../output/imgs/zimbabwean-women/43.jpeg,VERY_UNLIKELY,t
../output/imgs/andorran-women/100.jpeg,POSSIBLE,t
../output/imgs/syrian-women/63.jpeg,VERY_UNLIKELY,t
../output/imgs/egyptian-women/71.jpeg,UNLIKELY,t
../output/imgs/armenian-women/3.jpeg,POSSIBLE,t
../output/imgs/ivorian-women/97.jpeg,UNLIKELY,t
../output/imgs/myanma-women/77.jpeg,VERY_UNLIKELY,t
../output/imgs/northern-irish-women/44.jpeg,VERY_UNLIKELY,t
../output/imgs/sri-lankan-women/20.jpeg,VERY_UNLIKELY,t
../output/imgs/french-women/7.jpeg,UNLIKELY,t
../output/imgs/estonian-women/9.jpeg,VERY_UNLIKELY,t
../output/imgs/equatorial-guinean-women/79.jpeg,POSSIBLE,t
../output/imgs/south-african-women/41.jpeg,VERY_UNLIKELY,t
../output/imgs/south-sudanese-women/62.jpeg,UNLIKELY,t
../output/imgs/samoan-women/18.jpeg,POSSIBLE,t
../output/imgs/uruguayan-women/23.jpeg,POSSIBLE,t
../output/imgs/fijian-women/22.jpeg,UNLIKELY,t
../output/imgs/macanese-women/65.jpeg,UNLIKELY,t
../output/imgs/northern-irish-women/29.jpeg,VERY_UNLIKELY,t
../output/imgs/american-women/88.jpeg,VERY_UNLIKELY,t
../output/imgs/dutch-women/50.jpeg,UNLIKELY,t
../output/imgs/zambian-women/79.jpeg,VERY_UNLIKELY,t
../output/imgs/latvian-women/96.jpeg,UNLIKELY,t
../output/imgs/jordanian-women/50.jpeg,VERY_UNLIKELY,t
../output/imgs/nigerien-women/1.jpeg,VERY_UNLIKELY,t
../output/imgs/chinese-women/9.jpeg,VERY_UNLIKELY,t
../output/imgs/hungarian-women/34.jpeg,POSSIBLE,f
../output/imgs/montenegrin-women/39.jpeg,VERY_UNLIKELY,t
../output/imgs/sri-lankan-women/71.jpeg,VERY_UNLIKELY,t
../output/imgs/bahraini-women/25.jpeg,VERY_UNLIKELY,t
../output/imgs/burkinabé-women/60.jpeg,POSSIBLE,t
../output/imgs/marshallese-women/74.png,VERY_UNLIKELY,t
../output/imgs/irish-women/59.jpeg,POSSIBLE,t
../output/imgs/djiboutian-women/42.jpeg,VERY_UNLIKELY,t
../output/imgs/tongan-women/95.jpeg,UNLIKELY,t
../output/imgs/nauruan-women/88.jpeg,VERY_UNLIKELY,t
../output/imgs/solomon-island-women/34.jpeg,UNLIKELY,t
../output/imgs/estonian-women/61.jpeg,VERY_UNLIKELY,t
../output/imgs/gambian-women/4.jpeg,UNLIKELY,t
../output/imgs/welsh-women/17.jpeg,VERY_UNLIKELY,t
../output/imgs/australian-women/87.jpeg,VERY_UNLIKELY,t
../output/imgs/bermudian-women/72.jpeg,VERY_UNLIKELY,t
../output/imgs/sudanese-women/52.jpeg,UNLIKELY,t
../output/imgs/marshallese-women/56.png,UNLIKELY,t
../output/imgs/salvadoran-women/19.jpeg,VERY_UNLIKELY,t
../output/imgs/guyanese-women/53.png,POSSIBLE,t
../output/imgs/syrian-women/96.jpeg,VERY_UNLIKELY,t
../output/imgs/haitian-women/52.jpeg,UNLIKELY,t
../output/imgs/brazilian-women/26.jpeg,POSSIBLE,t
../output/imgs/surinamese-women/51.jpeg,VERY_UNLIKELY,t
../output/imgs/north-korean-women/69.jpeg,VERY_UNLIKELY,t
../output/imgs/saint-pierrais-women/82.jpeg,UNLIKELY,t
../output/imgs/kosovar-women/9.jpeg,VERY_UNLIKELY,t
../output/imgs/sri-lankan-women/26.jpeg,VERY_UNLIKELY,t
../output/imgs/dominican-women/84.jpeg,VERY_UNLIKELY,t
../output/imgs/greek-women/30.jpeg,POSSIBLE,t
../output/imgs/icelandic-women/51.jpeg,VERY_UNLIKELY,t
../output/imgs/maltese-women/87.jpeg,VERY_UNLIKELY,t
../output/imgs/bolivian-women/35.jpeg,UNLIKELY,t
../output/imgs/tajikistani-women/11.jpeg,VERY_UNLIKELY,t
../output/imgs/nepalese-women/71.jpeg,UNLIKELY,t
../output/imgs/barbadian-women/85.jpeg,VERY_UNLIKELY,t
../output/imgs/saint-vincentian-women/99.jpeg,VERY_UNLIKELY,t
../output/imgs/yemeni-women/94.jpeg,UNLIKELY,t
../output/imgs/afghan-women/55.jpeg,VERY_UNLIKELY,t
../output/imgs/cypriot-women/87.jpeg,VERY_UNLIKELY,t
../output/imgs/algerian-women/20.jpeg,VERY_UNLIKELY,t
../output/imgs/seychellois-women/77.jpeg,POSSIBLE,t
../output/imgs/palestinian-women/24.jpeg,UNLIKELY,t
../output/imgs/vietnamese-women/96.jpeg,VERY_UNLIKELY,t
../output/imgs/timorese-women/86.jpeg,VERY_UNLIKELY,t
../output/imgs/cuban-women/49.jpeg,POSSIBLE,t
../output/imgs/guatemalan-women/31.jpeg,VERY_UNLIKELY,t
../output/imgs/luxembourgish-women/11.jpeg,VERY_UNLIKELY,t
../output/imgs/slovak-women/61.jpeg,UNLIKELY,t
../output/imgs/tunisian-women/97.jpeg,VERY_UNLIKELY,t
../output/imgs/gambian-women/99.jpeg,VERY_UNLIKELY,t
../output/imgs/grenadian-women/36.jpeg,UNLIKELY,t
../output/imgs/sudanese-women/19.jpeg,UNLIKELY,t
../output/imgs/comorian-women/20.jpeg,VERY_UNLIKELY,t
../output/imgs/zimbabwean-women/99.jpeg,VERY_UNLIKELY,t
../output/imgs/surinamese-women/75.jpeg,VERY_UNLIKELY,t
../output/imgs/laos-women/76.jpeg,POSSIBLE,t
../output/imgs/angolan-women/58.jpeg,POSSIBLE,t
../output/imgs/tongan-women/52.jpeg,POSSIBLE,t
../output/imgs/liechtensteiner-women/60.jpeg,UNLIKELY,t
../output/imgs/latvian-women/21.jpeg,VERY_UNLIKELY,t
../output/imgs/montenegrin-women/87.jpeg,VERY_UNLIKELY,t
../output/imgs/taiwanese-women/3.jpeg,POSSIBLE,t
../output/imgs/welsh-women/34.png,VERY_UNLIKELY,t
../output/imgs/malian-women/76.jpeg,VERY_UNLIKELY,t
../output/imgs/moldovan-women/82.jpeg,VERY_UNLIKELY,t
../output/imgs/senegalese-women/59.jpeg,VERY_UNLIKELY,t
../output/imgs/maldivian-women/48.jpeg,POSSIBLE,t
../output/imgs/paraguayan-women/26.jpeg,POSSIBLE,f
../output/imgs/macedonian-women/85.jpeg,UNLIKELY,t
../output/imgs/grenadian-women/1.jpeg,POSSIBLE,t
../output/imgs/sudanese-women/69.jpeg,VERY_UNLIKELY,t
../output/imgs/nigerian-women/39.jpeg,VERY_UNLIKELY,t
../output/imgs/timorese-women/90.jpeg,VERY_UNLIKELY,t
../output/imgs/moldovan-women/91.jpeg,VERY_UNLIKELY,t
../output/imgs/antiguan-women/5.jpeg,VERY_UNLIKELY,t
../output/imgs/chilean-women/100.jpeg,VERY_UNLIKELY,t
../output/imgs/senegalese-women/18.jpeg,UNLIKELY,t
../output/imgs/dutch-women/75.jpeg,UNLIKELY,t
../output/imgs/omani-women/48.jpeg,POSSIBLE,t
../output/imgs/french-women/28.jpeg,VERY_UNLIKELY,t
../output/imgs/laos-women/47.jpeg,POSSIBLE,t
../output/imgs/north-korean-women/59.jpeg,VERY_UNLIKELY,t
../output/imgs/liberian-women/16.jpeg,POSSIBLE,t
../output/imgs/portuguese-women/79.jpeg,VERY_UNLIKELY,t
../output/imgs/new-zealand-women/58.jpeg,VERY_UNLIKELY,t
../output/imgs/vietnamese-women/86.jpeg,UNLIKELY,t
../output/imgs/solomon-island-women/77.jpeg,VERY_UNLIKELY,t
../output/imgs/sammarinese-women/76.jpeg,UNLIKELY,t
../output/imgs/bolivian-women/17.jpeg,VERY_UNLIKELY,t
../output/imgs/syrian-women/60.jpeg,VERY_UNLIKELY,t
../output/imgs/maltese-women/37.jpeg,UNLIKELY,t
../output/imgs/north-korean-women/23.jpeg,VERY_UNLIKELY,t
../output/imgs/panamanian-women/33.jpeg,POSSIBLE,f
../output/imgs/iranian-women/52.jpeg,VERY_UNLIKELY,t
../output/imgs/jordanian-women/29.jpeg,POSSIBLE,t
../output/imgs/finnish-women/28.jpeg,UNLIKELY,t
../output/imgs/zimbabwean-women/47.jpeg,VERY_UNLIKELY,t
../output/imgs/polish-women/42.jpeg,VERY_UNLIKELY,t
../output/imgs/turkish-women/91.png,POSSIBLE,t
../output/imgs/eritrean-women/61.jpeg,UNLIKELY,t
../output/imgs/ecuadorian-women/88.jpeg,VERY_UNLIKELY,t
../output/imgs/estonian-women/30.jpeg,VERY_UNLIKELY,t
../output/imgs/mauritanian-women/2.jpeg,POSSIBLE,t
../output/imgs/belgian-women/82.jpeg,UNLIKELY,t
../output/imgs/ni-vanuatu-women/10.jpeg,VERY_UNLIKELY,t
../output/imgs/latvian-women/100.jpeg,VERY_UNLIKELY,t
../output/imgs/luxembourgish-women/35.jpeg,VERY_UNLIKELY,t
../output/imgs/cuban-women/62.jpeg,POSSIBLE,t
../output/imgs/monacan-women/92.jpeg,UNLIKELY,t
../output/imgs/tajikistani-women/32.jpeg,VERY_UNLIKELY,t
../output/imgs/barbadian-women/34.jpeg,UNLIKELY,t
../output/imgs/armenian-women/96.jpeg,VERY_UNLIKELY,t
../output/imgs/afghan-women/90.jpeg,VERY_UNLIKELY,t
../output/imgs/kosovar-women/64.jpeg,VERY_UNLIKELY,t
../output/imgs/italian-women/41.jpeg,VERY_UNLIKELY,t
../output/imgs/andorran-women/23.jpeg,UNLIKELY,t
../output/imgs/south-african-women/12.jpeg,VERY_UNLIKELY,t
../output/imgs/mauritian-women/66.jpeg,VERY_UNLIKELY,t
../output/imgs/barbadian-women/33.jpeg,UNLIKELY,t
../output/imgs/serbian-women/32.jpeg,VERY_UNLIKELY,t
../output/imgs/togolese-women/91.jpeg,POSSIBLE,t
../output/imgs/luxembourgish-women/74.jpeg,POSSIBLE,t
../output/imgs/guinean-women/73.jpeg,VERY_UNLIKELY,t
../output/imgs/honduran-women/4.jpeg,UNLIKELY,t
../output/imgs/bruneian-women/25.jpeg,VERY_UNLIKELY,t
../output/imgs/latvian-women/24.jpeg,POSSIBLE,t
../output/imgs/kosovar-women/59.jpeg,UNLIKELY,t
../output/imgs/bahamian-women/23.jpeg,VERY_UNLIKELY,t
../output/imgs/puerto-rican-women/81.jpeg,POSSIBLE,t
../output/imgs/russian-women/50.jpeg,POSSIBLE,t
../output/imgs/afghan-women/36.jpeg,VERY_UNLIKELY,t
../output/imgs/andorran-women/42.jpg,VERY_UNLIKELY,t
../output/imgs/taiwanese-women/69.jpeg,VERY_UNLIKELY,t
../output/imgs/bosnian-women/46.jpeg,VERY_UNLIKELY,t
../output/imgs/guinean-women/58.jpeg,POSSIBLE,t
../output/imgs/maldivian-women/3.jpeg,VERY_UNLIKELY,t
../output/imgs/nigerien-women/41.jpeg,POSSIBLE,t
